<?xml version="1.0"?>
<extension type="component" version="1.6.0" method="upgrade">
    <name>com_myjbzoostat</name>
    <author>CB9TOIIIA</author>
    <authorEmail>cb9toiiia@gmail.com</authorEmail>
    <authorUrl>http://cb9t.ru</authorUrl>
    <copyright></copyright>
    <license></license>
    <version>1.0</version>
    <description>Компонент статистики: 1) Яндекс.Метрика  2) JBZoo 3) Стандартных материалов (com_conent). А также менеджер комментариев системы комментирования - Disqus.</description>
    <creationDate>28 June 2016</creationDate>
    <administration>
        <menu>COM_MYJBZOOSTAT</menu>
        <files>
            <filename>index.html</filename>
            <filename>myjbzoostat.php</filename>
            <filename>access.xml</filename>
            <filename>config.xml</filename>
            <filename>composer.json</filename>
            <filename>composer.lock</filename>
            <filename>controller.php</filename>
            <filename>.gitignore</filename>
            <folder>helpers</folder>
            <folder>controllers</folder>
            <folder>views</folder>
            <folder>vendor</folder>
            <folder>assets</folder>
            <folder>elements</folder>
        </files>
        <languages>
            <language tag="ru-RU">language/ru-RU/ru-RU.com_myjbzoostat.ini</language>
            <language tag="ru-RU">language/ru-RU/ru-RU.com_myjbzoostat.sys.ini</language>
        </languages>
    </administration>
</extension>
